0,y_predict,y_observed,error
264_BH8DSI_G110,0.35229110734907465,1.222187376,0.8698962686509253
