0,y_predict,y_observed,error
155_BDSI_G110,0.5966051583236394,0.969544345,0.3729391866763606
