0,y_predict,y_observed,error
365_BDSI_G110,0.7228257240944274,0.765864544,0.04303881990557268
