0,y_predict,y_observed,error
127_BH8DSI_G110,0.6998724899982136,0.696550436,-0.0033220539982136144
