0,y_predict,y_observed,error
355_BDSI_G110,0.6750635941207248,0.94594793,0.2708843358792752
