0,y_predict,y_observed,error
669_BH8DSI_G110,0.8335954970144179,0.996044166,0.16244866898558208
