0,y_predict,y_observed,error
280_BDSI_G110,0.5982460490578436,0.085708464,-0.5125375850578436
