0,y_predict,y_observed,error
707_BH8DSI_G110,0.8852327451633437,0.741680495,-0.14355225016334372
