0,y_predict,y_observed,error
288_BH8DSI_G110,0.6320612480870245,0.095140437,-0.5369208110870245
