0,y_predict,y_observed,error
455_BDSI_G110,0.897501666410701,0.823418477,-0.07408318941070091
