0,y_predict,y_observed,error
458_BDSI_G110,0.692217669998394,0.675470193,-0.016747476998393962
