0,y_predict,y_observed,error
224_BDSI_G110,0.8716661268481438,0.750252912,-0.12141321484814382
