0,y_predict,y_observed,error
296_BDSI_G110,0.637395182977464,0.590303452,-0.047091730977464
