0,y_predict,y_observed,error
799_BH8DSI_G110,0.3260585877499924,0.772880198,0.44682161025000755
