0,y_predict,y_observed,error
480_BDSI_G110,0.7183672321523131,0.424298016,-0.29406921615231313
