0,y_predict,y_observed,error
213_BDSI_G110,0.7559024469398263,0.405744803,-0.35015764393982635
