0,y_predict,y_observed,error
681_BDSI_G110,0.8518580273251537,0.794224631,-0.05763339632515374
