0,y_predict,y_observed,error
83_BDSI_G110,0.5091400639569237,0.259662875,-0.24947718895692367
