0,y_predict,y_observed,error
127_BH8DSI_G16,0.9433170426571849,1.280243521,0.3369264783428152
