0,y_predict,y_observed,error
280_BDSI_G16,0.9673229393712406,0.72831117,-0.23901176937124058
