0,y_predict,y_observed,error
296_BDSI_G16,1.0260060967990992,1.033282233,0.00727613620090084
