0,y_predict,y_observed,error
155_BDSI_G16,1.0797441365936424,1.424544251,0.3448001144063575
