0,y_predict,y_observed,error
365_BDSI_G16,1.3883247304540767,1.364780953,-0.023543777454076764
