0,y_predict,y_observed,error
480_BDSI_G16,0.750790893888059,0.948721998,0.19793110411194104
