0,y_predict,y_observed,error
224_BDSI_G16,1.2696940482786476,0.607991642,-0.6617024062786476
