0,y_predict,y_observed,error
288_BH8DSI_G16,0.7631051650630631,0.809184747,0.04607958193693684
