0,y_predict,y_observed,error
83_BDSI_G16,1.0255560331878257,0.15626401,-0.8692920231878257
