0,y_predict,y_observed,error
799_BH8DSI_G16,0.6995022209965924,1.012493913,0.3129916920034075
