0,y_predict,y_observed,error
669_BH8DSI_G16,1.068912238018095,1.047430471,-0.02148176701809512
