0,y_predict,y_observed,error
264_BH8DSI_G16,0.6879438452149609,0.667397506,-0.02054633921496085
