0,y_predict,y_observed,error
707_BH8DSI_G16,1.0420467760459466,0.842671406,-0.19937537004594663
