0,y_predict,y_observed,error
455_BDSI_G16,1.2146390044747672,1.258202344,0.043563339525232836
