0,y_predict,y_observed,error
458_BDSI_G16,1.2674082387341468,1.590860309,0.3234520702658532
