0,y_predict,y_observed,error
213_BDSI_G16,0.4722754828078841,1.049811867,0.577536384192116
