0,y_predict,y_observed,error
681_BDSI_G16,1.1338339965948432,1.109123854,-0.024710142594843276
