0,y_predict,y_observed,error
355_BDSI_G16,1.143557739463736,1.116850147,-0.026707592463735885
