0,y_predict,y_observed,error
681_BDSI_G104,0.2617379465636264,0.295596401,0.033858454436373586
