0,y_predict,y_observed,error
213_BDSI_G104,0.18092921986484817,0.118776986,-0.062152233864848166
