0,y_predict,y_observed,error
355_BDSI_G104,0.08796151359523885,0.010548285,-0.07741322859523884
