0,y_predict,y_observed,error
480_BDSI_G104,0.19077998861622814,0.320695226,0.12991523738377186
