0,y_predict,y_observed,error
127_BH8DSI_G104,0.2798226120232426,0.711384293,0.43156168097675734
