0,y_predict,y_observed,error
264_BH8DSI_G104,0.27220542111783774,0.680299625,0.4080942038821622
