0,y_predict,y_observed,error
296_BDSI_G104,0.1783838752020817,0.048078952,-0.1303049232020817
