0,y_predict,y_observed,error
83_BDSI_G104,0.13564393968429067,-0.119961186,-0.25560512568429067
