0,y_predict,y_observed,error
155_BDSI_G104,0.16116347527411756,0.244936817,0.08377334172588244
