0,y_predict,y_observed,error
224_BDSI_G104,0.17681716476556963,0.207233064,0.03041589923443036
