0,y_predict,y_observed,error
455_BDSI_G104,0.1376406146165613,-0.157998243,-0.2956388576165613
