0,y_predict,y_observed,error
458_BDSI_G104,0.1433341713793393,-0.07981918,-0.22315335137933928
