0,y_predict,y_observed,error
365_BDSI_G104,0.0011759984695937087,0.26212496,0.2609489615304063
