0,y_predict,y_observed,error
707_BH8DSI_G104,0.14436652279548373,0.271996329,0.12762980620451625
