0,y_predict,y_observed,error
799_BH8DSI_G104,0.051130705647451036,0.108129762,0.05699905635254897
