0,y_predict,y_observed,error
280_BDSI_G104,0.2538814050214411,0.072757322,-0.18112408302144106
