0,y_predict,y_observed,error
669_BH8DSI_G104,0.25528815187245557,-0.051601317,-0.30688946887245555
