0,y_predict,y_observed,error
288_BH8DSI_G104,0.3780812503464161,0.484012516,0.1059312656535839
