0,y_predict,y_observed,error
224_BDSI_G19,0.7982236466536919,0.842671406,0.04444775934630807
