0,y_predict,y_observed,error
288_BH8DSI_G19,0.3467387512478304,0.760958558,0.41421980675216963
