0,y_predict,y_observed,error
799_BH8DSI_G19,0.8122284356810722,0.691695887,-0.12053254868107222
