0,y_predict,y_observed,error
669_BH8DSI_G19,1.0785140865989997,0.66579569,-0.41271839659899967
