0,y_predict,y_observed,error
455_BDSI_G19,0.6886058816886077,1.001159817,0.3125539353113923
