0,y_predict,y_observed,error
480_BDSI_G19,0.521861212654172,0.618719253,0.09685804034582801
