0,y_predict,y_observed,error
707_BH8DSI_G19,0.8118070607698116,0.653059476,-0.15874758476981154
