0,y_predict,y_observed,error
355_BDSI_G19,0.46547915607318024,0.881288111,0.4158089549268198
