0,y_predict,y_observed,error
127_BH8DSI_G19,0.8720689094236642,1.280243521,0.40817461157633583
