0,y_predict,y_observed,error
264_BH8DSI_G19,0.5599599813222527,0.877355091,0.3173951096777473
