0,y_predict,y_observed,error
213_BDSI_G19,0.8470519460554838,0.484204356,-0.36284759005548384
