0,y_predict,y_observed,error
365_BDSI_G19,0.8384290643971524,0.645168517,-0.19326054739715237
