0,y_predict,y_observed,error
280_BDSI_G19,0.5413342383311549,0.074817088,-0.46651715033115493
