0,y_predict,y_observed,error
681_BDSI_G19,0.6298104435062422,0.950845773,0.3210353294937578
