0,y_predict,y_observed,error
155_BDSI_G19,0.8866430874228917,0.822072556,-0.06457053142289171
