0,y_predict,y_observed,error
296_BDSI_G19,0.5985248207919797,0.457923912,-0.14060090879197967
