0,y_predict,y_observed,error
83_BDSI_G19,0.47543849501113783,0.233037467,-0.24240102801113783
