0,y_predict,y_observed,error
458_BDSI_G19,0.7693965247556438,0.840780732,0.07138420724435623
