0,y_predict,y_observed,error
707_BH8DSI_G108,0.8559651234435978,0.629806019,-0.22615910444359777
