0,y_predict,y_observed,error
455_BDSI_G108,0.9021483191413273,0.967372516,0.06522419685867265
