0,y_predict,y_observed,error
83_BDSI_G108,0.6043995872535961,0.184337173,-0.42006241425359614
