0,y_predict,y_observed,error
264_BH8DSI_G108,0.5084677490465701,0.94172534,0.43325759095342986
