0,y_predict,y_observed,error
799_BH8DSI_G108,0.07516127700258313,0.576916403,0.5017551259974169
