0,y_predict,y_observed,error
296_BDSI_G108,0.7106767151496722,0.524695052,-0.18598166314967224
