0,y_predict,y_observed,error
224_BDSI_G108,0.601534883369018,0.785275843,0.18374095963098203
