0,y_predict,y_observed,error
669_BH8DSI_G108,0.786848761933225,0.675470193,-0.11137856893322495
