0,y_predict,y_observed,error
127_BH8DSI_G108,0.7868045517927559,1.258842358,0.4720378062072442
