0,y_predict,y_observed,error
355_BDSI_G108,0.8295402404331288,0.828991104,-0.0005491364331288162
