0,y_predict,y_observed,error
213_BDSI_G108,0.7051472258847582,0.463400391,-0.24174683488475818
