0,y_predict,y_observed,error
480_BDSI_G108,0.7772529433592308,0.670661369,-0.10659157435923083
