0,y_predict,y_observed,error
155_BDSI_G108,0.7284649867135908,0.825272446,0.09680745928640921
