0,y_predict,y_observed,error
458_BDSI_G108,0.7685717301317428,0.874787976,0.10621624586825718
