0,y_predict,y_observed,error
681_BDSI_G108,0.7698957830958899,0.943834098,0.17393831490411005
