0,y_predict,y_observed,error
365_BDSI_G108,0.8384740284998078,0.935429192,0.09695516350019218
