0,y_predict,y_observed,error
288_BH8DSI_G108,0.6568312816536459,0.653200658,-0.003630623653645859
