0,y_predict,y_observed,error
280_BDSI_G108,0.8143040254945291,0.082174394,-0.732129631494529
