0,y_predict,y_observed,error
127_BH8DSI_G42,1.3710107848391089,1.151218496,-0.21979228883910884
