0,y_predict,y_observed,error
155_BDSI_G42,1.2333836892072323,1.277054862,0.043671172792767665
