0,y_predict,y_observed,error
669_BH8DSI_G42,1.395297043085023,1.124651248,-0.27064579508502296
