0,y_predict,y_observed,error
707_BH8DSI_G42,1.4524464877724979,1.127268545,-0.3251779427724979
