0,y_predict,y_observed,error
83_BDSI_G42,1.0301237374849945,0.409258166,-0.6208655714849945
