0,y_predict,y_observed,error
365_BDSI_G42,1.0354282487379367,1.14048505,0.10505680126206318
