0,y_predict,y_observed,error
455_BDSI_G42,1.155216504608142,1.428450592,0.27323408739185795
