0,y_predict,y_observed,error
213_BDSI_G42,1.3304276177572687,0.965855976,-0.36457164175726875
