0,y_predict,y_observed,error
296_BDSI_G42,1.027966345956163,0.994430285,-0.033536060956163016
