0,y_predict,y_observed,error
458_BDSI_G42,1.01735066572106,1.236786884,0.21943621827894
