0,y_predict,y_observed,error
355_BDSI_G42,0.9148007888018912,1.319612573,0.4048117841981087
