0,y_predict,y_observed,error
224_BDSI_G42,1.269308130318347,1.394040863,0.12473273268165297
