0,y_predict,y_observed,error
480_BDSI_G42,1.4622147877783656,0.895185122,-0.5670296657783656
