0,y_predict,y_observed,error
264_BH8DSI_G42,1.1100685782718185,2.041270503,0.9312019247281813
