0,y_predict,y_observed,error
280_BDSI_G42,1.3487146496431468,0.923620908,-0.42509374164314684
