0,y_predict,y_observed,error
288_BH8DSI_G42,1.2721457802709417,1.416795343,0.14464956272905827
