0,y_predict,y_observed,error
799_BH8DSI_G42,1.0321853937072456,1.204304055,0.17211866129275433
