0,y_predict,y_observed,error
681_BDSI_G42,1.0503305662767124,1.557064741,0.5067341747232876
