0,y_predict,y_observed,error
480_BDSI_G8,0.40432015559246426,0.101053842,-0.30326631359246425
