0,y_predict,y_observed,error
280_BDSI_G8,0.360533483510441,0.529523454,0.168989970489559
