0,y_predict,y_observed,error
455_BDSI_G8,0.3332165130615985,0.257788473,-0.07542804006159848
