0,y_predict,y_observed,error
296_BDSI_G8,0.27328808700327123,0.429366422,0.1560783349967288
