0,y_predict,y_observed,error
355_BDSI_G8,0.3744274308750073,0.11061765,-0.2638097808750073
