0,y_predict,y_observed,error
127_BH8DSI_G8,0.49811703238404026,0.168347617,-0.32976941538404025
