0,y_predict,y_observed,error
155_BDSI_G8,0.2539371394499239,0.405263863,0.1513267235500761
