0,y_predict,y_observed,error
681_BDSI_G8,0.29378176646310106,0.422637852,0.12885608553689892
