0,y_predict,y_observed,error
264_BH8DSI_G8,0.6771599361766805,0.568919288,-0.10824064817668044
