0,y_predict,y_observed,error
213_BDSI_G8,0.3004614010062532,0.295341217,-0.005120184006253192
