0,y_predict,y_observed,error
365_BDSI_G8,0.3734111096191379,0.04984132,-0.3235697896191379
