0,y_predict,y_observed,error
288_BH8DSI_G8,0.35411787121420946,1.098935541,0.7448176697857904
