0,y_predict,y_observed,error
669_BH8DSI_G8,0.34716623531107715,0.745369216,0.3982029806889228
