0,y_predict,y_observed,error
458_BDSI_G8,0.30276613925889695,0.139400423,-0.16336571625889695
