0,y_predict,y_observed,error
707_BH8DSI_G8,0.3472471586499998,0.805532903,0.45828574435000025
