0,y_predict,y_observed,error
799_BH8DSI_G8,0.5147077626354521,0.134592836,-0.38011492663545215
