0,y_predict,y_observed,error
224_BDSI_G8,0.29469991137409846,0.26276465,-0.03193526137409847
