0,y_predict,y_observed,error
83_BDSI_G8,0.3267921063453578,0.320698228,-0.0060938783453578504
