0,y_predict,y_observed,error
669_BH8DSI_G103,0.5825592054747943,0.392611732,-0.18994747347479435
