0,y_predict,y_observed,error
707_BH8DSI_G103,0.5370113929280631,0.547653624,0.010642231071936847
