0,y_predict,y_observed,error
458_BDSI_G103,0.4787696683648175,0.42830008,-0.050469588364817464
