0,y_predict,y_observed,error
288_BH8DSI_G103,0.44052014443362175,0.812368496,0.3718483515663783
