0,y_predict,y_observed,error
355_BDSI_G103,0.48293859909257897,0.507721476,0.02478287690742098
