0,y_predict,y_observed,error
213_BDSI_G103,0.7031518434823436,0.527544005,-0.17560783848234363
