0,y_predict,y_observed,error
224_BDSI_G103,0.5464527729396043,0.643786801,0.0973340280603957
