0,y_predict,y_observed,error
681_BDSI_G103,0.5220102517337653,0.623644699,0.10163444726623472
