0,y_predict,y_observed,error
83_BDSI_G103,0.56331061208504,0.17114625,-0.39216436208503996
