0,y_predict,y_observed,error
296_BDSI_G103,0.5822405921870359,0.534692126,-0.0475484661870359
