0,y_predict,y_observed,error
280_BDSI_G103,0.5442235770336996,0.278185159,-0.2660384180336996
