0,y_predict,y_observed,error
455_BDSI_G103,0.5322298742565117,0.49791245,-0.034317424256511686
