0,y_predict,y_observed,error
127_BH8DSI_G103,0.5068077731349829,0.954454641,0.44764686786501706
