0,y_predict,y_observed,error
264_BH8DSI_G103,0.560828524076376,1.076019782,0.515191257923624
