0,y_predict,y_observed,error
799_BH8DSI_G103,0.6833352071718108,0.405744803,-0.27759040417181086
