0,y_predict,y_observed,error
155_BDSI_G103,0.5738954755578956,0.606861202,0.03296572644210449
