0,y_predict,y_observed,error
480_BDSI_G103,0.5912872772051418,0.534692126,-0.0565951512051418
