0,y_predict,y_observed,error
365_BDSI_G103,0.4048269520641359,0.617514768,0.21268781593586417
