0,y_predict,y_observed,error
127_BH8DSI_G107,0.7769324860753386,1.307372783,0.5304402969246613
