0,y_predict,y_observed,error
480_BDSI_G107,0.9156092830022544,0.678687506,-0.23692177700225436
