0,y_predict,y_observed,error
280_BDSI_G107,0.3096367678047045,0.109311876,-0.2003248918047045
