0,y_predict,y_observed,error
155_BDSI_G107,0.6973135194549513,0.866998454,0.16968493454504863
