0,y_predict,y_observed,error
288_BH8DSI_G107,1.830704641190266,0.896554711,-0.9341499301902662
