0,y_predict,y_observed,error
365_BDSI_G107,0.8620728350816194,1.016476218,0.15440338291838063
