0,y_predict,y_observed,error
224_BDSI_G107,0.6222796169492995,0.781718631,0.1594390140507006
