0,y_predict,y_observed,error
355_BDSI_G107,0.7354711406427441,0.920909945,0.1854388043572559
