0,y_predict,y_observed,error
296_BDSI_G107,0.8165857243226355,0.650054241,-0.16653148332263557
