0,y_predict,y_observed,error
83_BDSI_G107,0.2666106830028525,0.03282458,-0.23378610300285252
