0,y_predict,y_observed,error
681_BDSI_G107,0.8024455201693854,0.99829012,0.19584459983061453
