0,y_predict,y_observed,error
455_BDSI_G107,0.6034734995641884,1.044519847,0.4410463474358115
