0,y_predict,y_observed,error
707_BH8DSI_G107,0.9584137129603505,0.656355648,-0.3020580649603505
