0,y_predict,y_observed,error
213_BDSI_G107,0.5868288822284171,0.566599962,-0.020228920228417158
