0,y_predict,y_observed,error
799_BH8DSI_G107,1.083731311502106,0.672262039,-0.4114692725021061
