0,y_predict,y_observed,error
264_BH8DSI_G107,1.6819738465518412,0.980486399,-0.7014874475518412
