0,y_predict,y_observed,error
669_BH8DSI_G107,0.9742076263282229,0.750252912,-0.2239547143282229
