0,y_predict,y_observed,error
458_BDSI_G107,0.9208806748422376,0.935429192,0.014548517157762397
