0,y_predict,y_observed,error
480_BDSI_G47,1.8827758215620634,0.551269963,-1.3315058585620634
