0,y_predict,y_observed,error
83_BDSI_G47,1.0821868858607413,0.138198105,-0.9439887808607413
