0,y_predict,y_observed,error
455_BDSI_G47,1.1506769946429074,1.207200926,0.05652393135709266
