0,y_predict,y_observed,error
365_BDSI_G47,1.504253820159505,1.52936722,0.025113399840494877
