0,y_predict,y_observed,error
288_BH8DSI_G47,2.5330673477534305,2.424040053,-0.10902729475343031
