0,y_predict,y_observed,error
213_BDSI_G47,1.4080732569470342,1.047430471,-0.36064278594703425
