0,y_predict,y_observed,error
355_BDSI_G47,1.3496399168929685,1.264434142,-0.08520577489296843
