0,y_predict,y_observed,error
155_BDSI_G47,1.696699191445255,1.210108721,-0.48659047044525483
