0,y_predict,y_observed,error
669_BH8DSI_G47,1.135482804358091,0.927756269,-0.20772653535809094
