0,y_predict,y_observed,error
127_BH8DSI_G47,1.1123408105273427,1.283445836,0.17110502547265738
