0,y_predict,y_observed,error
296_BDSI_G47,1.4776279515772188,1.078933266,-0.3986946855772189
