0,y_predict,y_observed,error
681_BDSI_G47,1.145153770579185,1.515924809,0.37077103842081494
