0,y_predict,y_observed,error
799_BH8DSI_G47,1.1776478302301143,1.14048505,-0.037162780230114434
