0,y_predict,y_observed,error
280_BDSI_G47,-0.6661413809411272,1.379262571,2.045403951941127
