0,y_predict,y_observed,error
458_BDSI_G47,1.0372163797686795,1.811643968,0.7744275882313205
