0,y_predict,y_observed,error
707_BH8DSI_G47,1.2347029660414037,1.14048505,-0.09421791604140384
