0,y_predict,y_observed,error
264_BH8DSI_G47,1.6283818532730265,2.371537193,0.7431553397269735
