0,y_predict,y_observed,error
224_BDSI_G47,1.2451129614802312,1.416795343,0.17168238151976878
