0,y_predict,y_observed,error
83_BDSI_G18,0.38624412825698595,0.092696294,-0.29354783425698594
