0,y_predict,y_observed,error
455_BDSI_G18,0.25924985076162654,0.323249384,0.06399953323837343
