0,y_predict,y_observed,error
213_BDSI_G18,-0.09818059596831041,-0.090310146,0.00787044996831042
