0,y_predict,y_observed,error
127_BH8DSI_G18,0.21022214649944448,0.736806336,0.5265841895005555
