0,y_predict,y_observed,error
707_BH8DSI_G18,0.46139220321381225,-0.121394169,-0.5827863722138122
