0,y_predict,y_observed,error
288_BH8DSI_G18,0.20232706625458086,0.341190938,0.13886387174541914
