0,y_predict,y_observed,error
669_BH8DSI_G18,0.13834524611223298,0.151439722,0.013094475887767021
