0,y_predict,y_observed,error
480_BDSI_G18,0.24642591449221474,0.140603026,-0.10582288849221475
