0,y_predict,y_observed,error
155_BDSI_G18,0.29153198675390524,-0.011860395,-0.30339238175390526
