0,y_predict,y_observed,error
224_BDSI_G18,0.005513918669330042,-0.07600789,-0.08152180866933004
