0,y_predict,y_observed,error
264_BH8DSI_G18,0.08752889898849858,0.040339549,-0.04718934998849858
