0,y_predict,y_observed,error
458_BDSI_G18,0.15379413786955154,0.592823334,0.43902919613044844
