0,y_predict,y_observed,error
355_BDSI_G18,0.315230374317631,0.53096274,0.21573236568236898
