0,y_predict,y_observed,error
280_BDSI_G18,0.2941495590541434,0.059349491,-0.2348000680541434
