0,y_predict,y_observed,error
681_BDSI_G18,0.17801231650588623,0.097470858,-0.08054145850588623
