0,y_predict,y_observed,error
365_BDSI_G18,0.41135904227408693,0.116602243,-0.29475679927408693
