0,y_predict,y_observed,error
296_BDSI_G18,0.1471245528710563,-0.145416345,-0.2925408978710563
