0,y_predict,y_observed,error
799_BH8DSI_G18,0.23620849452800163,1.049811867,0.8136033724719984
