0,y_predict,y_observed,error
458_BDSI_G106,0.24361638706914057,-0.101041594,-0.3446579810691406
