0,y_predict,y_observed,error
455_BDSI_G106,0.18834504435795107,0.220559391,0.03221434664204892
