0,y_predict,y_observed,error
213_BDSI_G106,0.08228254861832607,0.083352248,0.0010696993816739359
