0,y_predict,y_observed,error
365_BDSI_G106,0.02865242527616102,0.404427125,0.375774699723839
