0,y_predict,y_observed,error
83_BDSI_G106,0.1523619910830014,0.212072692,0.059710700916998594
