0,y_predict,y_observed,error
669_BH8DSI_G106,0.32948157907688813,0.167556322,-0.16192525707688812
