0,y_predict,y_observed,error
224_BDSI_G106,0.14140258139888484,0.051601317,-0.08980126439888483
