0,y_predict,y_observed,error
155_BDSI_G106,0.224954229626098,0.213283711,-0.011670518626098025
