0,y_predict,y_observed,error
280_BDSI_G106,0.285615522036647,0.096320274,-0.189295248036647
