0,y_predict,y_observed,error
264_BH8DSI_G106,0.30896454901459314,0.475734226,0.16676967698540685
