0,y_predict,y_observed,error
707_BH8DSI_G106,0.19064672249240422,0.443057341,0.2524106185075958
