0,y_predict,y_observed,error
127_BH8DSI_G106,0.37741116425918,0.039863365,-0.33754779925918
