0,y_predict,y_observed,error
480_BDSI_G106,0.28114645414321693,0.230286603,-0.05085985114321692
