0,y_predict,y_observed,error
799_BH8DSI_G106,0.2536164512080663,0.075110663,-0.1785057882080663
