0,y_predict,y_observed,error
288_BH8DSI_G106,0.19668890618185175,0.55490867,0.35821976381814824
