0,y_predict,y_observed,error
296_BDSI_G106,0.20432761332419397,0.279424744,0.07509713067580603
