0,y_predict,y_observed,error
681_BDSI_G106,0.2725325624135406,0.397853393,0.12532083058645938
