0,y_predict,y_observed,error
355_BDSI_G106,0.20199180597895228,0.082174394,-0.11981741197895228
