0,y_predict,y_observed,error
355_BDSI_G12,0.11480783525229654,0.092696294,-0.022111541252296543
