0,y_predict,y_observed,error
83_BDSI_G12,0.1582645862716845,0.083155999,-0.0751085872716845
