0,y_predict,y_observed,error
707_BH8DSI_G12,0.13100566375669054,0.182894143,0.05188847924330947
