0,y_predict,y_observed,error
365_BDSI_G12,0.14411690881686834,0.051029467,-0.09308744181686834
