0,y_predict,y_observed,error
224_BDSI_G12,0.16493456117586147,0.055783099,-0.10915146217586147
