0,y_predict,y_observed,error
458_BDSI_G12,0.11280021431027087,0.149029456,0.03622924168972913
