0,y_predict,y_observed,error
681_BDSI_G12,0.0893217495854075,0.355394901,0.2660731514145925
