0,y_predict,y_observed,error
288_BH8DSI_G12,0.21978618398615524,0.659410316,0.43962413201384476
