0,y_predict,y_observed,error
127_BH8DSI_G12,0.2243745737857772,0.21705741,-0.007317163785777181
