0,y_predict,y_observed,error
296_BDSI_G12,0.1623443001748628,0.037964962,-0.1243793381748628
