0,y_predict,y_observed,error
480_BDSI_G12,0.33571732956097033,0.256545831,-0.07917149856097033
