0,y_predict,y_observed,error
264_BH8DSI_G12,0.2703317784274766,0.437475867,0.16714408857252344
