0,y_predict,y_observed,error
669_BH8DSI_G12,0.2521399905108095,0.037964962,-0.2141750285108095
