0,y_predict,y_observed,error
213_BDSI_G12,0.10894440872414002,0.054594529,-0.054349879724140016
