0,y_predict,y_observed,error
799_BH8DSI_G12,0.13589913958739075,0.022536712,-0.11336242758739075
