0,y_predict,y_observed,error
155_BDSI_G12,0.16898192272843504,0.130990042,-0.03799188072843504
