0,y_predict,y_observed,error
455_BDSI_G12,0.10308293655236511,0.209708544,0.10662560744763488
